s21_MRI,s21_iperf,s22_MRI,s22_iperf
16.0,423.0,16.0,423.0
73.0,56.0,81.0,56.0
73.0,1483.2198581560283,81.0,1483.2198581560283
73.0,1490.0,81.0,1490.0
