s21_MRI,s21_iperf,s22_MRI,s22_iperf
23.0,301.0,23.0,301.0
73.0,56.0,81.0,56.0
73.0,1461.4152823920265,81.0,1461.4152823920265
73.0,1490.0,81.0,1490.0
