s21_MRI,s21_iperf,s22_MRI,s22_iperf
21.0,845.0,21.0,845.0
73.0,56.0,81.0,56.0
73.0,1486.6059171597633,81.0,1486.6059171597633
73.0,1490.0,81.0,1490.0
