h1_MRI,h1_iperf,h2_MRI,h2_iperf
29.0,1816.0,22.0,299.0
65.0,46.0,81.0,46.0
65.0,1486.8303964757708,81.0,1470.7491638795987
65.0,1490.0,81.0,1490.0
