s21_MRI,s21_iperf,s22_MRI,s22_iperf
18.0,428.0,18.0,428.0
73.0,56.0,81.0,56.0
73.0,1463.196261682243,81.0,1463.196261682243
73.0,1490.0,81.0,1490.0
