h1_MRI,h1_iperf,h2_MRI,h2_iperf
29.0,3632.0,21.0,305.0
65.0,46.0,81.0,46.0
65.0,1486.8303964757708,81.0,1452.255737704918
65.0,1490.0,81.0,1490.0
