s21_MRI,s21_iperf,s22_MRI,s22_iperf
22.0,299.0,21.0,299.0
73.0,56.0,81.0,56.0
73.0,1480.408026755853,81.0,1480.408026755853
73.0,1490.0,81.0,1490.0
