s21_MRI,s21_iperf,s22_MRI,s22_iperf
16.0,427.0,16.0,427.0
73.0,56.0,81.0,56.0
73.0,1469.8501170960187,81.0,1469.8501170960187
73.0,1490.0,81.0,1490.0
