s21_MRI,s21_iperf,s22_MRI,s22_iperf
22.0,299.0,22.0,299.0
73.0,56.0,81.0,56.0
73.0,1470.8160535117056,81.0,1470.8160535117056
73.0,1490.0,81.0,1490.0
