h1_MRI,h1_iperf,h2_MRI,h2_iperf
29.0,1360.0,16.0,423.0
65.0,46.0,81.0,46.0
65.0,1487.8838235294118,81.0,1483.1962174940898
65.0,1490.0,81.0,1490.0
