h1_MRI,h1_iperf,h2_MRI,h2_iperf
30.0,2724.0,22.0,301.0
65.0,46.0,81.0,46.0
65.0,1486.8303964757708,81.0,1461.3156146179401
65.0,1490.0,81.0,1490.0
