s21_MRI,s21_iperf,s22_MRI,s22_iperf
20.0,305.0,21.0,305.0
73.0,56.0,81.0,56.0
73.0,1452.3868852459016,81.0,1452.3868852459016
73.0,1490.0,81.0,1490.0
