s21_MRI,s21_iperf,s22_MRI,s22_iperf
30.0,1360.0,23.0,843.0
73.0,56.0,81.0,56.0
73.0,1487.8911764705883,81.0,1486.5978647686832
73.0,1490.0,81.0,1490.0
