s21_MRI,s21_iperf,s22_MRI,s22_iperf
23.0,1694.0,24.0,945.0
73.0,56.0,81.0,56.0
73.0,1484.9208972845336,81.0,1480.895238095238
73.0,1490.0,81.0,1490.0
