s21_MRI,s21_iperf,s22_MRI,s22_iperf
24.0,1692.0,21.0,946.0
73.0,56.0,81.0,56.0
73.0,1486.6099290780141,81.0,1483.936575052854
73.0,1490.0,81.0,1490.0
