s21_MRI,s21_iperf,s22_MRI,s22_iperf
19.0,849.0,19.0,849.0
73.0,56.0,81.0,56.0
73.0,1483.243816254417,81.0,1483.243816254417
73.0,1490.0,81.0,1490.0
