{
    "start": {
        "connected": [
            {
                "socket": 5,
                "local_host": "135.41.1.1",
                "local_port": 60208,
                "remote_host": "135.41.2.1",
                "remote_port": 5201
            }
        ],
        "version": "iperf 3.7",
        "system_info": "Linux h1 5.4.0-167-generic #184-Ubuntu SMP Tue Oct 31 09:21:49 UTC 2023 x86_64",
        "timestamp": {
            "time": "Sun, 14 Jul 2024 01:52:21 GMT",
            "timesecs": 1720921941
        },
        "connecting_to": {
            "host": "135.41.2.1",
            "port": 5201
        },
        "cookie": "gnrxatu2zjqaia3q5oksl4wbaeepwy5tw4ah",
        "sock_bufsize": 0,
        "sndbuf_actual": 212992,
        "rcvbuf_actual": 212992,
        "test_start": {
            "protocol": "UDP",
            "num_streams": 1,
            "blksize": 1448,
            "omit": 0,
            "duration": 15,
            "bytes": 0,
            "blocks": 0,
            "reverse": 0,
            "tos": 0
        }
    },
    "intervals": [
        {
            "streams": [
                {
                    "socket": 5,
                    "start": 0,
                    "end": 1.000063,
                    "seconds": 1.0000629425048828,
                    "bytes": 131768,
                    "bits_per_second": 1054077.6537121343,
                    "packets": 91,
                    "omitted": false,
                    "sender": true
                }
            ],
            "sum": {
                "start": 0,
                "end": 1.000063,
                "seconds": 1.0000629425048828,
                "bytes": 131768,
                "bits_per_second": 1054077.6537121343,
                "packets": 91,
                "omitted": false,
                "sender": true
            }
        },
        {
            "streams": [
                {
                    "socket": 5,
                    "start": 1.000063,
                    "end": 2.000062,
                    "seconds": 0.9999989867210388,
                    "bytes": 130320,
                    "bits_per_second": 1042561.0564051842,
                    "packets": 90,
                    "omitted": false,
                    "sender": true
                }
            ],
            "sum": {
                "start": 1.000063,
                "end": 2.000062,
                "seconds": 0.9999989867210388,
                "bytes": 130320,
                "bits_per_second": 1042561.0564051842,
                "packets": 90,
                "omitted": false,
                "sender": true
            }
        },
        {
            "streams": [
                {
                    "socket": 5,
                    "start": 2.000062,
                    "end": 3.000059,
                    "seconds": 0.9999970197677612,
                    "bytes": 131768,
                    "bits_per_second": 1054147.141603296,
                    "packets": 91,
                    "omitted": false,
                    "sender": true
                }
            ],
            "sum": {
                "start": 2.000062,
                "end": 3.000059,
                "seconds": 0.9999970197677612,
                "bytes": 131768,
                "bits_per_second": 1054147.141603296,
                "packets": 91,
                "omitted": false,
                "sender": true
            }
        },
        {
            "streams": [
                {
                    "socket": 5,
                    "start": 3.000059,
                    "end": 4.00006,
                    "seconds": 1.0000009536743164,
                    "bytes": 130320,
                    "bits_per_second": 1042559.0057382529,
                    "packets": 90,
                    "omitted": false,
                    "sender": true
                }
            ],
            "sum": {
                "start": 3.000059,
                "end": 4.00006,
                "seconds": 1.0000009536743164,
                "bytes": 130320,
                "bits_per_second": 1042559.0057382529,
                "packets": 90,
                "omitted": false,
                "sender": true
            }
        },
        {
            "streams": [
                {
                    "socket": 5,
                    "start": 4.00006,
                    "end": 5.000061,
                    "seconds": 1.0000009536743164,
                    "bytes": 131768,
                    "bits_per_second": 1054142.9946909002,
                    "packets": 91,
                    "omitted": false,
                    "sender": true
                }
            ],
            "sum": {
                "start": 4.00006,
                "end": 5.000061,
                "seconds": 1.0000009536743164,
                "bytes": 131768,
                "bits_per_second": 1054142.9946909002,
                "packets": 91,
                "omitted": false,
                "sender": true
            }
        },
        {
            "streams": [
                {
                    "socket": 5,
                    "start": 5.000061,
                    "end": 6.000064,
                    "seconds": 1.0000029802322388,
                    "bytes": 131768,
                    "bits_per_second": 1054140.8584154295,
                    "packets": 91,
                    "omitted": false,
                    "sender": true
                }
            ],
            "sum": {
                "start": 5.000061,
                "end": 6.000064,
                "seconds": 1.0000029802322388,
                "bytes": 131768,
                "bits_per_second": 1054140.8584154295,
                "packets": 91,
                "omitted": false,
                "sender": true
            }
        },
        {
            "streams": [
                {
                    "socket": 5,
                    "start": 6.000064,
                    "end": 7.000063,
                    "seconds": 0.9999989867210388,
                    "bytes": 130320,
                    "bits_per_second": 1042561.0564051842,
                    "packets": 90,
                    "omitted": false,
                    "sender": true
                }
            ],
            "sum": {
                "start": 6.000064,
                "end": 7.000063,
                "seconds": 0.9999989867210388,
                "bytes": 130320,
                "bits_per_second": 1042561.0564051842,
                "packets": 90,
                "omitted": false,
                "sender": true
            }
        },
        {
            "streams": [
                {
                    "socket": 5,
                    "start": 7.000063,
                    "end": 8.000064,
                    "seconds": 1.0000009536743164,
                    "bytes": 131768,
                    "bits_per_second": 1054142.9946909002,
                    "packets": 91,
                    "omitted": false,
                    "sender": true
                }
            ],
            "sum": {
                "start": 7.000063,
                "end": 8.000064,
                "seconds": 1.0000009536743164,
                "bytes": 131768,
                "bits_per_second": 1054142.9946909002,
                "packets": 91,
                "omitted": false,
                "sender": true
            }
        },
        {
            "streams": [
                {
                    "socket": 5,
                    "start": 8.000064,
                    "end": 9.000062,
                    "seconds": 0.9999979734420776,
                    "bytes": 130320,
                    "bits_per_second": 1042562.1128125093,
                    "packets": 90,
                    "omitted": false,
                    "sender": true
                }
            ],
            "sum": {
                "start": 8.000064,
                "end": 9.000062,
                "seconds": 0.9999979734420776,