s21_MRI,s21_iperf,s22_MRI,s22_iperf
28.0,1194.0,26.0,696.0
73.0,56.0,81.0,56.0
73.0,1485.1959798994974,81.0,1481.7586206896551
73.0,1490.0,81.0,1490.0
