h1_MRI,h1_iperf,h2_MRI,h2_iperf
30.0,3632.0,24.0,702.0
65.0,46.0,81.0,46.0
65.0,1486.8303964757708,81.0,1473.6011396011395
65.0,1490.0,81.0,1490.0
