h1_MRI,h1_iperf,h2_MRI,h2_iperf
29.0,4080.0,24.0,945.0
65.0,46.0,81.0,46.0
65.0,1487.8838235294118,81.0,1480.863492063492
65.0,1490.0,81.0,1490.0
