h1_MRI,h1_iperf,h2_MRI,h2_iperf
29.0,4080.0,22.0,847.0
65.0,46.0,81.0,46.0
65.0,1487.8838235294118,81.0,1479.8063754427392
65.0,1490.0,81.0,1490.0
