s21_MRI,s21_iperf,s22_MRI,s22_iperf
21.0,847.0,22.0,847.0
73.0,56.0,81.0,56.0
73.0,1479.8417945690674,81.0,1479.8417945690674
73.0,1490.0,81.0,1490.0
