s21_MRI,s21_iperf,s22_MRI,s22_iperf
20.0,852.0,20.0,852.0
73.0,56.0,81.0,56.0
73.0,1476.5352112676057,81.0,1476.5352112676057
73.0,1490.0,81.0,1490.0
