h1_MRI,h1_iperf,h2_MRI,h2_iperf
29.0,5440.0,20.0,852.0
65.0,46.0,81.0,46.0
65.0,1487.8838235294118,81.0,1476.488262910798
65.0,1490.0,81.0,1490.0
