s21_MRI,s21_iperf,s22_MRI,s22_iperf
25.0,595.0,26.0,595.0
73.0,56.0,81.0,56.0
73.0,1485.1798319327731,81.0,1485.1798319327731
73.0,1490.0,81.0,1490.0
