{
    "start": {
        "connected": [
            {
                "socket": 5,
                "local_host": "135.41.1.1",
                "local_port": 50586,
                "remote_host": "135.41.2.1",
                "remote_port": 5201
            }
        ],
        "version": "iperf 3.7",
        "system_info": "Linux h1 5.4.0-167-generic #184-Ubuntu SMP Tue Oct 31 09:21:49 UTC 2023 x86_64",
        "timestamp": {
            "time": "Sun, 14 Jul 2024 01:29:10 GMT",
            "timesecs": 1720920550
        },
        "connecting_to": {
            "host": "135.41.2.1",
            "port": 5201
        },
        "cookie": "3547apdp2gmimp6ctmqmfxuuo4vphvhvjy6i",
        "sock_bufsize": 0,
        "sndbuf_actual": 212992,
        "rcvbuf_actual": 212992,
        "test_start": {
            "protocol": "UDP",
            "num_streams": 1,
            "blksize": 1448,
            "omit": 0,
            "duration": 10,
            "bytes": 0,
            "blocks": 0,
            "reverse": 0,
            "tos": 0
        }
    },
    "intervals": [
        {
            "streams": [
                {
                    "socket": 5,
                    "start": 0,
                    "end": 1.000059,
                    "seconds": 1.0000590085983276,
                    "bytes": 131768,
                    "bits_per_second": 1054081.8001104528,
                    "packets": 91,
                    "omitted": false,
                    "sender": true
                }
            ],
            "sum": {
                "start": 0,
                "end": 1.000059,
                "seconds": 1.0000590085983276,
                "bytes": 131768,
                "bits_per_second": 1054081.8001104528,
                "packets": 91,
                "omitted": false,
                "sender": true
            }
        },
        {
            "streams": [
                {
                    "socket": 5,
                    "start": 1.000059,
                    "end": 2.000058,
                    "seconds": 0.9999989867210388,
                    "bytes": 130320,
                    "bits_per_second": 1042561.0564051842,
                    "packets": 90,
                    "omitted": false,
                    "sender": true
                }
            ],
            "sum": {
                "start": 1.000059,
                "end": 2.000058,
                "seconds": 0.9999989867210388,
                "bytes": 130320,
                "bits_per_second": 1042561.0564051842,
                "packets": 90,
                "omitted": false,
                "sender": true
            }
        },
        {
            "streams": [
                {
                    "socket": 5,
                    "start": 2.000058,
                    "end": 3.000058,
                    "seconds": 1,
                    "bytes": 131768,
                    "bits_per_second": 1054144,
                    "packets": 91,
                    "omitted": false,
                    "sender": true
                }
            ],
            "sum": {
                "start": 2.000058,
                "end": 3.000058,
                "seconds": 1,
                "bytes": 131768,
                "bits_per_second": 1054144,
                "packets": 91,
                "omitted": false,
                "sender": true
            }
        },
        {
            "streams": [
                {
                    "socket": 5,
                    "start": 3.000058,
                    "end": 4.00006,
                    "seconds": 1.0000020265579224,
                    "bytes": 130320,
                    "bits_per_second": 1042557.8871960542,
                    "packets": 90,
                    "omitted": false,
                    "sender": true
                }
            ],
            "sum": {
                "start": 3.000058,
                "end": 4.00006,
                "seconds": 1.0000020265579224,
                "bytes": 130320,
                "bits_per_second": 1042557.8871960542,
                "packets": 90,
                "omitted": false,
                "sender": true
            }
        },
        {
            "streams": [
                {
                    "socket": 5,
                    "start": 4.00006,
                    "end": 5.000059,
                    "seconds": 0.9999989867210388,
                    "bytes": 131768,
                    "bits_per_second": 1054145.0681430197,
                    "packets": 91,
                    "omitted": false,
                    "sender": true
                }
            ],
            "sum": {
                "start": 4.00006,
                "end": 5.000059,
                "seconds": 0.9999989867210388,
                "bytes": 131768,
                "bits_per_second": 1054145.0681430197,
                "packets": 91,
                "omitted": false,
                "sender": true
            }
        },
        {
            "streams": [
                {
                    "socket": 5,
                    "start": 5.000059,
                    "end": 6.000069,
                    "seconds": 1.0000100135803223,
                    "bytes": 131768,
                    "bits_per_second": 1054133.4443500845,
                    "packets": 91,
                    "omitted": false,
                    "sender": true
                }
            ],
            "sum": {
                "start": 5.000059,
                "end": 6.000069,
                "seconds": 1.0000100135803223,
                "bytes": 131768,
                "bits_per_second": 1054133.4443500845,
                "packets": 91,
                "omitted": false,
                "sender": true
            }
        },
        {
            "streams": [
                {
                    "socket": 5,
                    "start": 6.000069,
                    "end": 7.000064,
                    "seconds": 0.9999949932098389,
                    "bytes": 130320,
                    "bits_per_second": 1042565.2199052854,
                    "packets": 90,
                    "omitted": false,
                    "sender": true
                }
            ],
            "sum": {
                "start": 6.000069,
                "end": 7.000064,
                "seconds": 0.9999949932098389,
                "bytes": 130320,
                "bits_per_second": 1042565.2199052854,
                "packets": 90,
                "omitted": false,
                "sender": true
            }
        },
        {
            "streams": [
                {
                    "socket": 5,
                    "start": 7.000064,
                    "end": 8.000067,
                    "seconds": 1.0000029802322388,
                    "bytes": 131768,
                    "bits_per_second": 1054140.8584154295,
                    "packets": 91,
                    "omitted": false,
                    "sender": true
                }
            ],
            "sum": {
                "start": 7.000064,
                "end": 8.000067,
                "seconds": 1.0000029802322388,
                "bytes": 131768,
                "bits_per_second": 1054140.8584154295,
                "packets": 91,
                "omitted": false,
                "sender": true
            }
        },
        {
            "streams": [
                {
                    "socket": 5,
                    "start": 8.000067,
                    "end": 9.000061,
                    "seconds": 0.9999939799308777,
                    "bytes": 130320,
                    "bits_per_second": 1042566.276321048,
                    "packets": 90,
                    "omitted": false,
                    "sender": true
                }
            ],
            "sum": {
                "start": 8.000067,
                "end": 9.000061,
                "seconds": 0.9999939799308777,
                "bytes": 130320,