h1_MRI,h1_iperf,h2_MRI,h2_iperf
30.0,908.0,26.0,595.0
65.0,46.0,81.0,46.0
65.0,1486.8303964757708,81.0,1485.163025210084
65.0,1490.0,81.0,1490.0
