s21_MRI,s21_iperf,s22_MRI,s22_iperf
24.0,597.0,25.0,597.0
73.0,56.0,81.0,56.0
73.0,1480.391959798995,81.0,1480.391959798995
73.0,1490.0,81.0,1490.0
