s21_MRI,s21_iperf,s22_MRI,s22_iperf
23.0,602.0,23.0,602.0
73.0,56.0,81.0,56.0
73.0,1475.7076411960134,81.0,1475.7076411960134
73.0,1490.0,81.0,1490.0
