s21_MRI,s21_iperf,s22_MRI,s22_iperf
23.0,604.0,22.0,604.0
73.0,56.0,81.0,56.0
73.0,1471.0066225165563,81.0,1471.0066225165563
73.0,1490.0,81.0,1490.0
