s21_MRI,s21_iperf,s22_MRI,s22_iperf
19.0,425.0,19.0,425.0
73.0,56.0,81.0,56.0
73.0,1469.755294117647,81.0,1469.755294117647
73.0,1490.0,81.0,1490.0
