s21_MRI,s21_iperf,s22_MRI,s22_iperf
16.0,425.0,16.0,425.0
73.0,56.0,81.0,56.0
73.0,1483.2517647058824,81.0,1483.2517647058824
73.0,1490.0,81.0,1490.0
