s21_MRI,s21_iperf,s22_MRI,s22_iperf
23.0,304.0,23.0,304.0
73.0,56.0,81.0,56.0
73.0,1452.2631578947369,81.0,1452.2631578947369
73.0,1490.0,81.0,1490.0
