s21_MRI,s21_iperf,s22_MRI,s22_iperf
19.0,422.0,19.0,422.0
73.0,56.0,81.0,56.0
73.0,1476.4075829383887,81.0,1476.4075829383887
73.0,1490.0,81.0,1490.0
