s21_MRI,s21_iperf,s22_MRI,s22_iperf
25.0,840.0,26.0,840.0
73.0,56.0,81.0,56.0
73.0,1486.5857142857142,81.0,1486.5857142857142
73.0,1490.0,81.0,1490.0
