s21_MRI,s21_iperf,s22_MRI,s22_iperf
24.0,298.0,23.0,298.0
73.0,56.0,81.0,56.0
73.0,1470.751677852349,81.0,1470.751677852349
73.0,1490.0,81.0,1490.0
