{
    "start": {
        "connected": [
            {
                "socket": 5,
                "local_host": "135.41.1.1",
                "local_port": 56892,
                "remote_host": "135.41.2.1",
                "remote_port": 5201
            }
        ],
        "version": "iperf 3.7",
        "system_info": "Linux h1 5.4.0-186-generic #206-Ubuntu SMP Fri Apr 26 12:31:10 UTC 2024 x86_64",
        "timestamp": {
            "time": "Fri, 26 Jul 2024 18:02:31 GMT",
            "timesecs": 1722016951
        },
        "connecting_to": {
            "host": "135.41.2.1",
            "port": 5201
        },
        "cookie": "6hy45gcpm4rserj36bfcb6kti43mg2mohyfr",
        "sock_bufsize": 0,
        "sndbuf_actual": 212992,
        "rcvbuf_actual": 212992,
        "test_start": {
            "protocol": "UDP",
            "num_streams": 1,
            "blksize": 1448,
            "omit": 0,
            "duration": 10,
            "bytes": 0,
            "blocks": 0,
            "reverse": 0,
            "tos": 0
        }
    },
    "intervals": [
        {
            "streams": [
                {
                    "socket": 5,
                    "start": 0,
                    "end": 1.000069,
                    "seconds": 1.00006902217865,
                    "bytes": 131768,
                    "bits_per_second": 1054071.2457061692,
                    "packets": 91,
                    "omitted": false,
                    "sender": true
                }
            ],
            "sum": {
                "start": 0,
                "end": 1.000069,
                "seconds": 1.00006902217865,
                "bytes": 131768,
                "bits_per_second": 1054071.2457061692,
                "packets": 91,
                "omitted": false,
                "sender": true
            }
        },
        {
            "streams": [
                {
                    "socket": 5,
                    "start": 1.000069,
                    "end": 2.00007,
                    "seconds": 1.0000009536743164,
                    "bytes": 130320,
                    "bits_per_second": 1042559.0057382529,
                    "packets": 90,
                    "omitted": false,
                    "sender": true
                }
            ],
            "sum": {
                "start": 1.000069,
                "end": 2.00007,
                "seconds": 1.0000009536743164,
                "bytes": 130320,
                "bits_per_second": 1042559.0057382529,
                "packets": 90,
                "omitted": false,
                "sender": true
            }
        },
        {
            "streams": [
                {
                    "socket": 5,
                    "start": 2.00007,
                    "end": 3.000071,
                    "seconds": 1.0000009536743164,
                    "bytes": 131768,
                    "bits_per_second": 1054142.9946909002,
                    "packets": 91,
                    "omitted": false,
                    "sender": true
                }
            ],
            "sum": {
                "start": 2.00007,
                "end": 3.000071,
                "seconds": 1.0000009536743164,
                "bytes": 131768,
                "bits_per_second": 1054142.9946909002,
                "packets": 91,
                "omitted": false,
                "sender": true
            }
        },
        {
            "streams": [
                {
                    "socket": 5,
                    "start": 3.000071,
                    "end": 4.000068,
                    "seconds": 0.9999970197677612,
                    "bytes": 130320,
                    "bits_per_second": 1042563.1070801826,
                    "packets": 90,
                    "omitted": false,
                    "sender": true
                }
            ],
            "sum": {
                "start": 3.000071,
                "end": 4.000068,
                "seconds": 0.9999970197677612,
                "bytes": 130320,
                "bits_per_second": 1042563.1070801826,
                "packets": 90,
                "omitted": false,
                "sender": true
            }
        },
        {
            "streams": [
                {
                    "socket": 5,
                    "start": 4.000068,
                    "end": 5.00007,
                    "seconds": 1.0000020265579224,
                    "bytes": 131768,
                    "bits_per_second": 1054141.8637204547,
                    "packets": 91,
                    "omitted": false,
                    "sender": true
                }
            ],
            "sum": {
                "start": 4.000068,
                "end": 5.00007,
                "seconds": 1.0000020265579224,
                "bytes": 131768,
                "bits_per_second": 1054141.8637204547,
                "packets": 91,
                "omitted": false,
                "sender": true
            }
        },
        {
            "streams": [
                {
                    "socket": 5,
                    "start": 5.00007,
                    "end": 6.000071,
                    "seconds": 1.0000009536743164,
                    "bytes": 131768,
                    "bits_per_second": 1054142.9946909002,
                    "packets": 91,
                    "omitted": false,
                    "sender": true
                }
            ],
            "sum": {
                "start": 5.00007,
                "end": 6.000071,
                "seconds": 1.0000009536743164,
                "bytes": 131768,
                "bits_per_second": 1054142.9946909002,
                "packets": 91,
                "omitted": false,
                "sender": true
            }
        },
        {
            "streams": [
                {
                    "socket": 5,
                    "start": 6.000071,
                    "end": 7.000069,
                    "seconds": 0.9999979734420776,
                    "bytes": 130320,
                    "bits_per_second": 1042562.1128125093,
                    "packets": 90,
                    "omitted": false,
                    "sender": true
                }
            ],
            "sum": {
                "start": 6.000071,
                "end": 7.000069,
                "seconds": 0.9999979734420776,
                "bytes": 130320,
                "bits_per_second": 1042562.1128125093,
                "packets": 90,
                "omitted": false,
                "sender": true
            }
        },
        {
            "streams": [
                {
                    "socket": 5,
                    "start": 7.000069,
                    "end": 8.00008,
                    "seconds": 1.0000109672546387,
                    "bytes": 131768,
                    "bits_per_second": 1054132.4390611178,
                    "packets": 91,
                    "omitted": false,
                    "sender": true
                }
            ],
            "sum": {
                "start": 7.000069,
                "end": 8.00008,
                "seconds": 1.0000109672546387,
                "bytes": 131768,
                "bits_per_second": 1054132.4390611178,
                "packets": 91,
                "omitted": false,
                "sender": true
            }
        },
        {
            "streams": [
                {
                    "socket": 5,
                    "start": 8.00008,
                    "end": 9.000069,
                    "seconds": 0.9999889731407166,
                    "bytes": 130320,
                    "bits_per_second": 1042571.4962891826,
                    "packets": 90,
                    "omitted": false,
                    "sender": true
                }
            ],
            "sum": {
                "start": 8.00008,
                "end": 9.000069,
                "seconds": 0.9999889731407166,