s21_MRI,s21_iperf,s22_MRI,s22_iperf
15.0,430.0,15.0,430.0
73.0,56.0,81.0,56.0
73.0,1463.320930232558,81.0,1463.320930232558
73.0,1490.0,81.0,1490.0
