s21_MRI,s21_iperf,s22_MRI,s22_iperf
22.0,297.0,22.0,297.0
73.0,56.0,81.0,56.0
73.0,1480.3434343434344,81.0,1480.3434343434344
73.0,1490.0,81.0,1490.0
