s21_MRI,s21_iperf,s22_MRI,s22_iperf
22.0,302.0,22.0,302.0
73.0,56.0,81.0,56.0
73.0,1461.5099337748345,81.0,1461.5099337748345
73.0,1490.0,81.0,1490.0
