{
    "start": {
        "connected": [
            {
                "socket": 5,
                "local_host": "135.41.1.1",
                "local_port": 60473,
                "remote_host": "135.41.2.1",
                "remote_port": 5201
            }
        ],
        "version": "iperf 3.7",
        "system_info": "Linux h1 5.4.0-186-generic #206-Ubuntu SMP Fri Apr 26 12:31:10 UTC 2024 x86_64",
        "timestamp": {
            "time": "Fri, 26 Jul 2024 17:50:17 GMT",
            "timesecs": 1722016217
        },
        "connecting_to": {
            "host": "135.41.2.1",
            "port": 5201
        },
        "cookie": "mtnyydgh56mzlmhl2jt3w5evwcsdhhy4nl7f",
        "sock_bufsize": 0,
        "sndbuf_actual": 212992,
        "rcvbuf_actual": 212992,
        "test_start": {
            "protocol": "UDP",
            "num_streams": 1,
            "blksize": 1448,
            "omit": 0,
            "duration": 15,
            "bytes": 0,
            "blocks": 0,
            "reverse": 0,
            "tos": 0
        }
    },
    "intervals": [
        {
            "streams": [
                {
                    "socket": 5,
                    "start": 0,
                    "end": 1.000071,
                    "seconds": 1.0000710487365723,
                    "bytes": 131768,
                    "bits_per_second": 1054069.1097214944,
                    "packets": 91,
                    "omitted": false,
                    "sender": true
                }
            ],
            "sum": {
                "start": 0,
                "end": 1.000071,
                "seconds": 1.0000710487365723,
                "bytes": 131768,
                "bits_per_second": 1054069.1097214944,
                "packets": 91,
                "omitted": false,
                "sender": true
            }
        },
        {
            "streams": [
                {
                    "socket": 5,
                    "start": 1.000071,
                    "end": 2.000069,
                    "seconds": 0.9999979734420776,
                    "bytes": 130320,
                    "bits_per_second": 1042562.1128125093,
                    "packets": 90,
                    "omitted": false,
                    "sender": true
                }
            ],
            "sum": {
                "start": 1.000071,
                "end": 2.000069,
                "seconds": 0.9999979734420776,
                "bytes": 130320,
                "bits_per_second": 1042562.1128125093,
                "packets": 90,
                "omitted": false,
                "sender": true
            }
        },
        {
            "streams": [
                {
                    "socket": 5,
                    "start": 2.000069,
                    "end": 3.000068,
                    "seconds": 0.9999989867210388,
                    "bytes": 131768,
                    "bits_per_second": 1054145.0681430197,
                    "packets": 91,
                    "omitted": false,
                    "sender": true
                }
            ],
            "sum": {
                "start": 2.000069,
                "end": 3.000068,
                "seconds": 0.9999989867210388,
                "bytes": 131768,
                "bits_per_second": 1054145.0681430197,
                "packets": 91,
                "omitted": false,
                "sender": true
            }
        },
        {
            "streams": [
                {
                    "socket": 5,
                    "start": 3.000068,
                    "end": 4.000069,
                    "seconds": 1.0000009536743164,
                    "bytes": 130320,
                    "bits_per_second": 1042559.0057382529,
                    "packets": 90,
                    "omitted": false,
                    "sender": true
                }
            ],
            "sum": {
                "start": 3.000068,
                "end": 4.000069,
                "seconds": 1.0000009536743164,
                "bytes": 130320,
                "bits_per_second": 1042559.0057382529,
                "packets": 90,
                "omitted": false,
                "sender": true
            }
        },
        {
            "streams": [
                {
                    "socket": 5,
                    "start": 4.000069,
                    "end": 5.000064,
                    "seconds": 0.9999949932098389,
                    "bytes": 131768,
                    "bits_per_second": 1054149.277904233,
                    "packets": 91,
                    "omitted": false,
                    "sender": true
                }
            ],
            "sum": {
                "start": 4.000069,
                "end": 5.000064,
                "seconds": 0.9999949932098389,
                "bytes": 131768,
                "bits_per_second": 1054149.277904233,
                "packets": 91,
                "omitted": false,
                "sender": true
            }
        },
        {
            "streams": [
                {
                    "socket": 5,
                    "start": 5.000064,
                    "end": 6.00007,
                    "seconds": 1.0000059604644775,
                    "bytes": 131768,
                    "bits_per_second": 1054137.7168495844,
                    "packets": 91,
                    "omitted": false,
                    "sender": true
                }
            ],
            "sum": {
                "start": 5.000064,
                "end": 6.00007,
                "seconds": 1.0000059604644775,
                "bytes": 131768,
                "bits_per_second": 1054137.7168495844,
                "packets": 91,
                "omitted": false,
                "sender": true
            }
        },
        {
            "streams": [
                {
                    "socket": 5,
                    "start": 6.00007,
                    "end": 7.00007,
                    "seconds": 1,
                    "bytes": 130320,
                    "bits_per_second": 1042560,
                    "packets": 90,
                    "omitted": false,
                    "sender": true
                }
            ],
            "sum": {
                "start": 6.00007,
                "end": 7.00007,
                "seconds": 1,
                "bytes": 130320,
                "bits_per_second": 1042560,
                "packets": 90,
                "omitted": false,
                "sender": true
            }
        },
        {
            "streams": [
                {
                    "socket": 5,
                    "start": 7.00007,
                    "end": 8.000071,
                    "seconds": 1.0000009536743164,
                    "bytes": 131768,
                    "bits_per_second": 1054142.9946909002,
                    "packets": 91,
                    "omitted": false,
                    "sender": true
                }
            ],
            "sum": {
                "start": 7.00007,
                "end": 8.000071,
                "seconds": 1.0000009536743164,
                "bytes": 131768,
                "bits_per_second": 1054142.9946909002,
                "packets": 91,
                "omitted": false,
                "sender": true
            }
        },
        {
            "streams": [
                {
                    "socket": 5,
                    "start": 8.000071,
                    "end": 9.000064,
                    "seconds": 0.9999930262565613,
                    "bytes": 130320,
                    "bits_per_second": 1042567.2705966628,
                    "packets": 90,
                    "omitted": false,
                    "sender": true
                }
            ],
            "sum": {
                "start": 8.000071,
                "end": 9.000064,
                "seconds": 0.9999930262565613,
                "bytes": 130320,