h1_MRI,h1_iperf,h2_MRI,h2_iperf
30.0,4080.0,20.0,949.0
65.0,46.0,81.0,46.0
65.0,1487.8838235294118,81.0,1480.9020021074816
65.0,1490.0,81.0,1490.0
