s21_MRI,s21_iperf,s22_MRI,s22_iperf
23.0,1695.0,20.0,949.0
73.0,56.0,81.0,56.0
73.0,1484.9238938053097,81.0,1480.9336143308747
73.0,1490.0,81.0,1490.0
