s21_MRI,s21_iperf,s22_MRI,s22_iperf
20.0,1694.0,18.0,947.0
73.0,56.0,81.0,56.0
73.0,1486.6139315230225,81.0,1483.9429778247097
73.0,1490.0,81.0,1490.0
