s21_MRI,s21_iperf,s22_MRI,s22_iperf
20.0,848.0,20.0,848.0
73.0,56.0,81.0,56.0
73.0,1483.2358490566037,81.0,1483.2358490566037
73.0,1490.0,81.0,1490.0
