s21_MRI,s21_iperf,s22_MRI,s22_iperf
30.0,908.0,28.0,593.0
73.0,56.0,81.0,56.0
73.0,1486.84140969163,81.0,1485.1635750421585
73.0,1490.0,81.0,1490.0
