s21_MRI,s21_iperf,s22_MRI,s22_iperf
26.0,1197.0,25.0,698.0
73.0,56.0,81.0,56.0
73.0,1482.812030075188,81.0,1477.67335243553
73.0,1490.0,81.0,1490.0
