s21_MRI,s21_iperf,s22_MRI,s22_iperf
21.0,1698.0,18.0,953.0
73.0,56.0,81.0,56.0
73.0,1483.243816254417,81.0,1477.96222455404
73.0,1490.0,81.0,1490.0
