s21_MRI,s21_iperf,s22_MRI,s22_iperf
18.0,852.0,18.0,852.0
73.0,56.0,81.0,56.0
73.0,1479.9014084507041,81.0,1479.9014084507041
73.0,1490.0,81.0,1490.0
