s21_MRI,s21_iperf,s22_MRI,s22_iperf
19.0,853.0,19.0,853.0
73.0,56.0,81.0,56.0
73.0,1476.5509964830012,81.0,1476.5509964830012
73.0,1490.0,81.0,1490.0
