s21_MRI,s21_iperf,s22_MRI,s22_iperf
26.0,594.0,26.0,594.0
73.0,56.0,81.0,56.0
73.0,1485.171717171717,81.0,1485.171717171717
73.0,1490.0,81.0,1490.0
