h1_MRI,h1_iperf,h2_MRI,h2_iperf
29.0,2724.0,25.0,598.0
65.0,46.0,81.0,46.0
65.0,1486.8303964757708,81.0,1475.561872909699
65.0,1490.0,81.0,1490.0
