s21_MRI,s21_iperf,s22_MRI,s22_iperf
26.0,598.0,26.0,598.0
73.0,56.0,81.0,56.0
73.0,1475.6120401337794,81.0,1475.6120401337794
73.0,1490.0,81.0,1490.0
