s21_MRI,s21_iperf,s22_MRI,s22_iperf
24.0,603.0,24.0,603.0
73.0,56.0,81.0,56.0
73.0,1470.9751243781095,81.0,1470.9751243781095
73.0,1490.0,81.0,1490.0
